"CUSTOMER_KEY","Year","month_Year","general_KWH","offPeak_KWH","grossGen_KWH","netGen_KWH","total_KWH","max_Monthly","min_Monthly","median_High","median_Low","measured_Days","days_80","days_65"
"8170837","2013","10-2013",609.737,0,0,0,609.737,99,49,76,58,31,10,27
"8170837","2013","11-2013",593.845,0,0,0,593.845,94,53,74.5,61,30,5,24
"8170837","2013","12-2013",600.765,0,0,0,600.765,97,55,79,66,31,8,9
"8170837","2013","4-2013",569.444,0,0,0,569.444,84,52,75.5,60,30,4,29
"8170837","2013","5-2013",704.524,0,0,0,704.524,80,49,70,53,31,0,31
"8170837","2013","6-2013",588.415,0,0,0,588.415,72,46,66,51,30,0,30
"8170837","2013","7-2013",673.292,0,0,0,673.292,76,45,67,48,31,0,31
"8170837","2013","8-2013",664.631,0,0,0,664.631,76,45,71,51,31,0,31
"8170837","2013","9-2013",619.126,0,0,0,619.126,89,50,74,56,30,8,29
"8170837","2014","1-2014",598.152,0,0,0,598.152,98,61,80,68,31,15,3
"8170837","2014","2-2014",461.499,0,0,0,461.499,90,60,80,68,28,12,4
"8170837","2014","3-2014",32.598,0,0,0,32.598,85,59,80,67,31,14,6
"8202727","2013","10-2013",728.799,0,0,0,728.799,99,49,76,58,31,10,27
"8202727","2013","11-2013",745.871,0,0,0,745.871,94,53,74.5,61,30,5,24
"8202727","2013","12-2013",860.445,0,0,0,860.445,97,55,79,66,31,8,9
"8202727","2013","5-2013",645.466,0,0,0,645.466,80,49,70,53,31,0,31
"8202727","2013","6-2013",1183.461,0,0,0,1183.461,72,46,66,51,30,0,30
"8202727","2013","7-2013",1298.64,0,0,0,1298.64,76,45,67,48,31,0,31
"8202727","2013","8-2013",1090.802,0,0,0,1090.802,76,45,71,51,31,0,31
"8202727","2013","9-2013",757.284,0,0,0,757.284,89,50,74,56,30,8,29
"8202727","2014","1-2014",1136.184,0,0,0,1136.184,98,61,80,68,31,15,3
"8202727","2014","2-2014",1095.839,0,0,0,1095.839,90,60,80,68,28,12,4
"8202727","2014","3-2014",98.892,0,0,0,98.892,85,59,80,67,31,14,6
"8322046","2013","10-2013",1017.806,0,0,0,1017.806,99,49,76,58,31,10,27
"8322046","2013","11-2013",763.846,0,0,0,763.846,94,53,74.5,61,30,5,24
"8322046","2013","12-2013",1290.763,0,0,0,1290.763,97,55,79,66,31,8,9
"8322046","2013","2-2013",184.356,0,0,0,184.356,85,57,80,67,28,14,6
"8322046","2013","3-2013",522.083,0,0,0,522.083,92,57,80,67,31,13,10
"8322046","2013","4-2013",486.861,0,0,0,486.861,84,52,75.5,60,30,4,29
"8322046","2013","5-2013",474.631,0,0,0,474.631,80,49,70,53,31,0,31
"8322046","2013","6-2013",470.874,0,0,0,470.874,72,46,66,51,30,0,30
"8322046","2013","7-2013",423.968,0,0,0,423.968,76,45,67,48,31,0,31
"8322046","2013","8-2013",481.786,0,0,0,481.786,76,45,71,51,31,0,31
"8322046","2013","9-2013",589.128,0,0,0,589.128,89,50,74,56,30,8,29
"8322046","2014","1-2014",1401.958,0,0,0,1401.958,98,61,80,68,31,15,3
"8322046","2014","2-2014",900.896,0,0,0,900.896,90,60,80,68,28,12,4
"8322046","2014","3-2014",113.311,0,0,0,113.311,85,59,80,67,31,14,6
"8342962","2013","1-2013",530.402,0,0,0,530.402,114,62,80,69,31,14,2
"8342962","2013","10-2013",1216.774,0,0,0,1216.774,99,49,76,58,31,10,27
"8342962","2013","11-2013",1031.607,0,0,0,1031.607,94,53,74.5,61,30,5,24
"8342962","2013","12-2013",1656.802,0,0,0,1656.802,97,55,79,66,31,8,9
"8342962","2013","2-2013",1300.925,0,0,0,1300.925,85,57,80,67,28,14,6
"8342962","2013","3-2013",1195.274,0,0,0,1195.274,92,57,80,67,31,13,10
"8342962","2013","4-2013",555.327,0,0,0,555.327,84,52,75.5,60,30,4,29
"8342962","2013","5-2013",601.602,0,0,0,601.602,80,49,70,53,31,0,31
"8342962","2013","6-2013",765.083,0,0,0,765.083,72,46,66,51,30,0,30
"8342962","2013","7-2013",725.639,0,0,0,725.639,76,45,67,48,31,0,31
"8342962","2013","8-2013",671.242,0,0,0,671.242,76,45,71,51,31,0,31
"8342962","2013","9-2013",795.218,0,0,0,795.218,89,50,74,56,30,8,29
"8342962","2014","1-2014",1870.27,0,0,0,1870.27,98,61,80,68,31,15,3
"8342962","2014","2-2014",1407.52,0,0,0,1407.52,90,60,80,68,28,12,4
"8342962","2014","3-2014",43.096,0,0,0,43.096,85,59,80,67,31,14,6
"8410116","2012","10-2012",194.612,0,217.402,0,412.014,94,47,71,56,31,7,29
"8410116","2012","11-2012",225.351,0,179.242,0,404.593,92,55,75,62,30,7,20
"8410116","2012","12-2012",223.185,0,190.108,0,413.293,91,57,79,65,31,11,13
"8410116","2012","5-2012",370.357,0,159.528,0,529.885,84,47,70,51,31,2,31
"8410116","2012","6-2012",559.723,0,111.237,0,670.96,70,44,65,50,30,0,30
"8410116","2012","7-2012",600.791,0,140.582,0,741.373,73,42,63,48,31,0,31
"8410116","2012","8-2012",478.587,0,190.561,0,669.148,85,42,67,49,31,1,31
"8410116","2012","9-2012",184.174,0,217.378,0,401.552,92,42,71,54,30,3,28
"8410116","2013","1-2013",430.768,0,189.832,0,620.6,114,62,80,69,31,14,2
"8410116","2013","10-2013",145.606,0,241.075,0,386.681,99,49,76,58,31,10,27
"8410116","2013","11-2013",131.654,0,189.177,0,320.831,94,53,74.5,61,30,5,24
"8410116","2013","12-2013",327.605,0,232.736,0,560.341,97,55,79,66,31,8,9
"8410116","2013","2-2013",226.961,0,178.669,0,405.63,85,57,80,67,28,14,6
"8410116","2013","3-2013",225.693,0,195.281,0,420.974,92,57,80,67,31,13,10
"8410116","2013","4-2013",160.668,0,170.091,0,330.759,84,52,75.5,60,30,4,29
"8410116","2013","5-2013",284.253,0,150.528,0,434.781,80,49,70,53,31,0,31
"8410116","2013","6-2013",490.048,0,96.154,0,586.202,72,46,66,51,30,0,30
"8410116","2013","7-2013",462.961,0,141.83,0,604.791,76,45,67,48,31,0,31
"8410116","2013","8-2013",326.257,0,200.222,0,526.479,76,45,71,51,31,0,31
"8410116","2013","9-2013",162.763,0,205.389,0,368.152,89,50,74,56,30,8,29
"8410116","2014","1-2014",417.728,0,225.813,0,643.541,98,61,80,68,31,15,3
"8410116","2014","2-2014",235.426,0,175.868,0,411.294,90,60,80,68,28,12,4
"8410116","2014","3-2014",5.629,0,2.496,0,8.125,85,59,80,67,31,14,6
"8564811","2013","10-2013",580.042,0,0,0,580.042,99,49,76,58,31,10,27
"8564811","2013","11-2013",444.226,0,0,0,444.226,94,53,74.5,61,30,5,24
"8564811","2013","12-2013",27.189,0,0,0,27.189,97,55,79,66,31,8,9
"8564811","2013","3-2013",0,0,0,0,0,92,57,80,67,31,13,10
"8564811","2013","4-2013",0,0,0,0,0,84,52,75.5,60,30,4,29
"8564811","2013","5-2013",124.763,0,0,0,124.763,80,49,70,53,31,0,31
"8564811","2013","6-2013",265.825,0,0,0,265.825,72,46,66,51,30,0,30
"8564811","2013","7-2013",315.954,0,0,0,315.954,76,45,67,48,31,0,31
"8564811","2013","8-2013",328.494,0,0,0,328.494,76,45,71,51,31,0,31
"8564811","2013","9-2013",342.467,0,0,0,342.467,89,50,74,56,30,8,29
"8564811","2014","1-2014",373.416,0,0,0,373.416,98,61,80,68,31,15,3
"8564811","2014","2-2014",274.483,0,0,0,274.483,90,60,80,68,28,12,4
"8564811","2014","3-2014",21.563,0,0,0,21.563,85,59,80,67,31,14,6
"8642061","2012","10-2012",447.995,0,0,0,447.995,94,47,71,56,31,7,29
"8642061","2012","11-2012",584.229,0,0,0,584.229,92,55,75,62,30,7,20
"8642061","2012","12-2012",723.927,0,0,0,723.927,91,57,79,65,31,11,13
"8642061","2012","7-2012",170.504,0,0,0,170.504,73,42,63,48,31,0,31
"8642061","2012","8-2012",1150.031,0,0,0,1150.031,85,42,67,49,31,1,31
"8642061","2012","9-2012",725.833,0,0,0,725.833,92,42,71,54,30,3,28
"8642061","2013","1-2013",602.64,0,0,0,602.64,114,62,80,69,31,14,2
"8642061","2013","10-2013",447.311,0,0,0,447.311,99,49,76,58,31,10,27
"8642061","2013","11-2013",567.251,0,0,0,567.251,94,53,74.5,61,30,5,24
"8642061","2013","12-2013",710.311,0,0,0,710.311,97,55,79,66,31,8,9
"8642061","2013","2-2013",617.413,0,0,0,617.413,85,57,80,67,28,14,6
"8642061","2013","3-2013",663.111,0,0,0,663.111,92,57,80,67,31,13,10
"8642061","2013","4-2013",601.391,0,0,0,601.391,84,52,75.5,60,30,4,29
"8642061","2013","5-2013",967.198,0,0,0,967.198,80,49,70,53,31,0,31
"8642061","2013","6-2013",1102.845,0,0,0,1102.845,72,46,66,51,30,0,30
"8642061","2013","7-2013",1255.451,0,0,0,1255.451,76,45,67,48,31,0,31
"8642061","2013","8-2013",1082.278,0,0,0,1082.278,76,45,71,51,31,0,31
"8642061","2013","9-2013",587.756,0,0,0,587.756,89,50,74,56,30,8,29
"8642061","2014","1-2014",816.1,0,0,0,816.1,98,61,80,68,31,15,3
"8642061","2014","2-2014",710.141,0,0,0,710.141,90,60,80,68,28,12,4
"8642061","2014","3-2014",47.187,0,0,0,47.187,85,59,80,67,31,14,6
"8664162","2012","10-2012",945.292,0,506.984,0,1452.276,94,47,71,56,31,7,29
"8664162","2012","11-2012",1026.058,0,434.917,0,1460.975,92,55,75,62,30,7,20
"8664162","2012","12-2012",922.213,0,478.946,0,1401.159,91,57,79,65,31,11,13
"8664162","2012","6-2012",802.771,0,0,0,802.771,70,44,65,50,30,0,30
"8664162","2012","7-2012",1140.854,0,0,0,1140.854,73,42,63,48,31,0,31
"8664162","2012","8-2012",1079.76,0,276.06,0,1355.82,85,42,67,49,31,1,31
"8664162","2012","9-2012",1009.693,0,483.046,0,1492.739,92,42,71,54,30,3,28
"8664162","2013","1-2013",1130.944,0,472.319,0,1603.263,114,62,80,69,31,14,2
"8664162","2013","10-2013",943.188,0,0,0,943.188,99,49,76,58,31,10,27
"8664162","2013","11-2013",962.879,0,0,0,962.879,94,53,74.5,61,30,5,24
"8664162","2013","12-2013",1008.015,0,0,0,1008.015,97,55,79,66,31,8,9
"8664162","2013","2-2013",922.598,0,422.004,0,1344.602,85,57,80,67,28,14,6
"8664162","2013","3-2013",969.613,0,458.355,0,1427.968,92,57,80,67,31,13,10
"8664162","2013","4-2013",871.22,0,375.181,0,1246.401,84,52,75.5,60,30,4,29
"8664162","2013","5-2013",921.219,0,116.766,0,1037.985,80,49,70,53,31,0,31
"8664162","2013","6-2013",1017.537,0,0,0,1017.537,72,46,66,51,30,0,30
"8664162","2013","7-2013",1029.044,0,0,0,1029.044,76,45,67,48,31,0,31
"8664162","2013","8-2013",987.08,0,0,0,987.08,76,45,71,51,31,0,31
"8664162","2013","9-2013",931.773,0,0,0,931.773,89,50,74,56,30,8,29
"8664162","2014","1-2014",970.345,0,0,0,970.345,98,61,80,68,31,15,3
"8664162","2014","2-2014",852.316,0,0,0,852.316,90,60,80,68,28,12,4
"8664162","2014","3-2014",81.627,0,0,0,81.627,85,59,80,67,31,14,6
"8902378","2013","10-2013",360.747,0,0,0,360.747,99,49,76,58,31,10,27
"8902378","2013","11-2013",364.132,0,0,0,364.132,94,53,74.5,61,30,5,24
"8902378","2013","12-2013",556.128,0,0,0,556.128,97,55,79,66,31,8,9
"8902378","2013","7-2013",455.697,0,0,0,455.697,76,45,67,48,31,0,31
"8902378","2013","8-2013",443.232,0,0,0,443.232,76,45,71,51,31,0,31
"8902378","2013","9-2013",376.203,0,0,0,376.203,89,50,74,56,30,8,29
"8902378","2014","1-2014",630.166,0,0,0,630.166,98,61,80,68,31,15,3
"8902378","2014","2-2014",483.565,0,0,0,483.565,90,60,80,68,28,12,4
"8902378","2014","3-2014",36.133,0,0,0,36.133,85,59,80,67,31,14,6
"9023394","2013","10-2013",583.545,0,0,0,583.545,99,49,76,58,31,10,27
"9023394","2013","11-2013",571.724,0,0,0,571.724,94,53,74.5,61,30,5,24
"9023394","2013","12-2013",621.826,0,0,0,621.826,97,55,79,66,31,8,9
"9023394","2013","3-2013",0,0,0,0,0,92,57,80,67,31,13,10
"9023394","2013","4-2013",0,0,0,0,0,84,52,75.5,60,30,4,29
"9023394","2013","5-2013",443.352,0,0,0,443.352,80,49,70,53,31,0,31
"9023394","2013","6-2013",758.323,0,0,0,758.323,72,46,66,51,30,0,30
"9023394","2013","7-2013",818.414,0,0,0,818.414,76,45,67,48,31,0,31
"9023394","2013","8-2013",741.677,0,0,0,741.677,76,45,71,51,31,0,31
"9023394","2013","9-2013",405.263,0,0,0,405.263,89,50,74,56,30,8,29
"9023394","2014","1-2014",916.693,0,0,0,916.693,98,61,80,68,31,15,3
"9023394","2014","2-2014",774.945,0,0,0,774.945,90,60,80,68,28,12,4
"9023394","2014","3-2014",44.579,0,0,0,44.579,85,59,80,67,31,14,6
"9045652","2013","4-2013",141.784,118.173,0,0,259.957,84,52,75.5,60,30,4,29
"9045652","2013","5-2013",362.046,356.513,0,0,718.559,80,49,70,53,31,0,31
"9045652","2013","6-2013",427.673,418.541,0,0,846.214,72,46,66,51,30,0,30
"9045652","2013","7-2013",503.049,503.953,0,0,1007.002,76,45,67,48,31,0,31
"9045652","2013","8-2013",400.744,432.242,0,0,832.986,76,45,71,51,31,0,31
"9045652","2013","9-2013",238.054,222.496,0,0,460.55,89,50,74,56,30,8,29
"9183277","2013","10-2013",326.114,0,0,0,326.114,99,49,76,58,31,10,27
"9183277","2013","11-2013",309.191,0,0,0,309.191,94,53,74.5,61,30,5,24
"9183277","2013","12-2013",294.835,0,0,0,294.835,97,55,79,66,31,8,9
"9183277","2013","3-2013",160.074,0,0,0,160.074,92,57,80,67,31,13,10
"9183277","2013","4-2013",308.022,0,0,0,308.022,84,52,75.5,60,30,4,29
"9183277","2013","5-2013",438.374,0,0,0,438.374,80,49,70,53,31,0,31
"9183277","2013","6-2013",483.191,0,0,0,483.191,72,46,66,51,30,0,30
"9183277","2013","7-2013",560.571,0,0,0,560.571,76,45,67,48,31,0,31
"9183277","2013","8-2013",478.602,0,0,0,478.602,76,45,71,51,31,0,31
"9183277","2013","9-2013",254.497,0,0,0,254.497,89,50,74,56,30,8,29
"9183277","2014","1-2014",361.217,0,0,0,361.217,98,61,80,68,31,15,3
"9183277","2014","2-2014",279.605,0,0,0,279.605,90,60,80,68,28,12,4
"9183277","2014","3-2014",13.687,0,0,0,13.687,85,59,80,67,31,14,6
"9615104","2012","10-2012",728.186,0,0,0,728.186,94,47,71,56,31,7,29
"9615104","2012","11-2012",966.599,0,0,0,966.599,92,55,75,62,30,7,20
"9615104","2012","12-2012",1151.782,0,0,0,1151.782,91,57,79,65,31,11,13
"9615104","2013","1-2013",1302.567,0,0,0,1302.567,114,62,80,69,31,14,2
"9615104","2013","10-2013",967.86,0,0,0,967.86,99,49,76,58,31,10,27
"9615104","2013","11-2013",989.584,0,0,0,989.584,94,53,74.5,61,30,5,24
"9615104","2013","12-2013",1477.807,0,0,0,1477.807,97,55,79,66,31,8,9
"9615104","2013","2-2013",833.902,0,0,0,833.902,85,57,80,67,28,14,6
"9615104","2013","3-2013",1225.575,0,0,0,1225.575,92,57,80,67,31,13,10
"9615104","2013","4-2013",974.553,0,0,0,974.553,84,52,75.5,60,30,4,29
"9615104","2013","5-2013",820.487,0,0,0,820.487,80,49,70,53,31,0,31
"9615104","2013","6-2013",795.52,0,0,0,795.52,72,46,66,51,30,0,30
"9615104","2013","7-2013",883.544,0,0,0,883.544,76,45,67,48,31,0,31
"9615104","2013","8-2013",898.882,0,0,0,898.882,76,45,71,51,31,0,31
"9615104","2013","9-2013",889.915,0,0,0,889.915,89,50,74,56,30,8,29
"9615104","2014","1-2014",1606.501,0,0,0,1606.501,98,61,80,68,31,15,3
"9615104","2014","2-2014",1324.877,0,0,0,1324.877,90,60,80,68,28,12,4
"9615104","2014","3-2014",74.266,0,0,0,74.266,85,59,80,67,31,14,6
"9800914","2013","10-2013",728.02,0,0,0,728.02,99,49,76,58,31,10,27
"9800914","2013","11-2013",778.978,0,0,0,778.978,94,53,74.5,61,30,5,24
"9800914","2013","12-2013",958.293,0,0,0,958.293,97,55,79,66,31,8,9
"9800914","2013","5-2013",0,0,0,0,0,80,49,70,53,31,0,31
"9800914","2013","6-2013",97.511,0,0,0,97.511,72,46,66,51,30,0,30
"9800914","2013","7-2013",734.242,0,0,0,734.242,76,45,67,48,31,0,31
"9800914","2013","8-2013",683.121,0,0,0,683.121,76,45,71,51,31,0,31
"9800914","2013","9-2013",635.338,0,0,0,635.338,89,50,74,56,30,8,29
"9800914","2014","1-2014",1584.363,0,0,0,1584.363,98,61,80,68,31,15,3
"9800914","2014","2-2014",798.787,0,0,0,798.787,90,60,80,68,28,12,4
"9800914","2014","3-2014",58.626,0,0,0,58.626,85,59,80,67,31,14,6
"9937802","2013","10-2013",440.682,0,0,0,440.682,99,49,76,58,31,10,27
"9937802","2013","11-2013",416.025,0,0,0,416.025,94,53,74.5,61,30,5,24
"9937802","2013","12-2013",486.31,0,0,0,486.31,97,55,79,66,31,8,9
"9937802","2013","4-2013",78.643,0,0,0,78.643,84,52,75.5,60,30,4,29
"9937802","2013","5-2013",347.641,0,0,0,347.641,80,49,70,53,31,0,31
"9937802","2013","6-2013",468.477,0,0,0,468.477,72,46,66,51,30,0,30
"9937802","2013","7-2013",576.635,0,0,0,576.635,76,45,67,48,31,0,31
"9937802","2013","8-2013",425.601,0,0,0,425.601,76,45,71,51,31,0,31
"9937802","2013","9-2013",400.086,0,0,0,400.086,89,50,74,56,30,8,29
"9937802","2014","1-2014",526.947,0,0,0,526.947,98,61,80,68,31,15,3
"9937802","2014","2-2014",400.093,0,0,0,400.093,90,60,80,68,28,12,4
"9937802","2014","3-2014",32.89,0,0,0,32.89,85,59,80,67,31,14,6
"10042974","2011","10-2011",419.637,0,0,0,419.637,NA,NA,NA,NA,NA,NA,NA
"10042974","2011","11-2011",633.884,0,0,0,633.884,NA,NA,NA,NA,NA,NA,NA
"10042974","2011","12-2011",573.286,0,0,0,573.286,NA,NA,NA,NA,NA,NA,NA
"10042974","2012","1-2012",619.964,0,0,0,619.964,92,57,79,68,31,8,6
"10042974","2012","10-2012",387.714,0,0,0,387.714,94,47,71,56,31,7,29
"10042974","2012","11-2012",277.33,0,0,0,277.33,92,55,75,62,30,7,20
"10042974","2012","12-2012",318.998,0,0,0,318.998,91,57,79,65,31,11,13
"10042974","2012","2-2012",505.372,0,0,0,505.372,92,62,78,67,29,7,4
"10042974","2012","3-2012",528.179,0,0,0,528.179,85,57,76,64,31,6,17
"10042974","2012","4-2012",507.364,0,0,0,507.364,83,50,76,62,30,1,25
"10042974","2012","5-2012",565.371,0,0,0,565.371,84,47,70,51,31,2,31
"10042974","2012","6-2012",547.68,0,0,0,547.68,70,44,65,50,30,0,30
"10042974","2012","7-2012",697.234,0,0,0,697.234,73,42,63,48,31,0,31
"10042974","2012","8-2012",510.059,0,0,0,510.059,85,42,67,49,31,1,31
"10042974","2012","9-2012",422.796,0,0,0,422.796,92,42,71,54,30,3,28
"10042974","2013","1-2013",377.844,0,0,0,377.844,114,62,80,69,31,14,2
"10042974","2013","10-2013",393.196,0,0,0,393.196,99,49,76,58,31,10,27
"10042974","2013","11-2013",351.397,0,0,0,351.397,94,53,74.5,61,30,5,24
"10042974","2013","12-2013",448.691,0,0,0,448.691,97,55,79,66,31,8,9
"10042974","2013","2-2013",250.603,0,0,0,250.603,85,57,80,67,28,14,6
"10042974","2013","3-2013",188.554,0,0,0,188.554,92,57,80,67,31,13,10
"10042974","2013","4-2013",158.507,0,0,0,158.507,84,52,75.5,60,30,4,29
"10042974","2013","5-2013",481.507,0,0,0,481.507,80,49,70,53,31,0,31
"10042974","2013","6-2013",511.959,0,0,0,511.959,72,46,66,51,30,0,30
"10042974","2013","7-2013",542.843,0,0,0,542.843,76,45,67,48,31,0,31
"10042974","2013","8-2013",472.943,0,0,0,472.943,76,45,71,51,31,0,31
"10042974","2013","9-2013",364.081,0,0,0,364.081,89,50,74,56,30,8,29
"10042974","2014","1-2014",437.608,0,0,0,437.608,98,61,80,68,31,15,3
"10042974","2014","2-2014",308.512,0,0,0,308.512,90,60,80,68,28,12,4
"10042974","2014","3-2014",16.217,0,0,0,16.217,85,59,80,67,31,14,6
"10043128","2012","10-2012",652.295,0,0,0,652.295,94,47,71,56,31,7,29
"10043128","2012","11-2012",545.292,0,0,0,545.292,92,55,75,62,30,7,20
"10043128","2012","12-2012",533.663,0,0,0,533.663,91,57,79,65,31,11,13
"10043128","2012","5-2012",723.995,0,0,0,723.995,84,47,70,51,31,2,31
"10043128","2012","6-2012",795.978,0,0,0,795.978,70,44,65,50,30,0,30
"10043128","2012","7-2012",833.638,0,0,0,833.638,73,42,63,48,31,0,31
"10043128","2012","8-2012",800.933,0,0,0,800.933,85,42,67,49,31,1,31
"10043128","2012","9-2012",667.832,0,0,0,667.832,92,42,71,54,30,3,28
"10043128","2013","1-2013",530.577,0,0,0,530.577,114,62,80,69,31,14,2
"10043128","2013","10-2013",544.761,0,0,0,544.761,99,49,76,58,31,10,27
"10043128","2013","11-2013",537.44,0,0,0,537.44,94,53,74.5,61,30,5,24
"10043128","2013","12-2013",565.149,0,0,0,565.149,97,55,79,66,31,8,9
"10043128","2013","2-2013",446.16,0,0,0,446.16,85,57,80,67,28,14,6
"10043128","2013","3-2013",508.68,0,0,0,508.68,92,57,80,67,31,13,10
"10043128","2013","4-2013",565.453,0,0,0,565.453,84,52,75.5,60,30,4,29
"10043128","2013","5-2013",592.06,0,0,0,592.06,80,49,70,53,31,0,31
"10043128","2013","6-2013",594.765,0,0,0,594.765,72,46,66,51,30,0,30
"10043128","2013","7-2013",575.531,0,0,0,575.531,76,45,67,48,31,0,31
"10043128","2013","8-2013",659.387,0,0,0,659.387,76,45,71,51,31,0,31
"10043128","2013","9-2013",540.333,0,0,0,540.333,89,50,74,56,30,8,29
"10043128","2014","1-2014",550.295,0,0,0,550.295,98,61,80,68,31,15,3
"10043128","2014","2-2014",504.099,0,0,0,504.099,90,60,80,68,28,12,4
"10043128","2014","3-2014",39.322,0,0,0,39.322,85,59,80,67,31,14,6
"10233640","2012","12-2012",253.251,0,0,0,253.251,91,57,79,65,31,11,13
"10233640","2013","1-2013",269.615,0,0,0,269.615,114,62,80,69,31,14,2
"10233640","2013","10-2013",302.349,0,0,0,302.349,99,49,76,58,31,10,27
"10233640","2013","11-2013",292.167,0,0,0,292.167,94,53,74.5,61,30,5,24
"10233640","2013","12-2013",207.802,0,0,0,207.802,97,55,79,66,31,8,9
"10233640","2013","2-2013",249.546,0,0,0,249.546,85,57,80,67,28,14,6
"10233640","2013","3-2013",250.5,0,0,0,250.5,92,57,80,67,31,13,10
"10233640","2013","4-2013",294.53,0,0,0,294.53,84,52,75.5,60,30,4,29
"10233640","2013","5-2013",274.82,0,0,0,274.82,80,49,70,53,31,0,31
"10233640","2013","6-2013",244.181,0,0,0,244.181,72,46,66,51,30,0,30
"10233640","2013","7-2013",249.917,0,0,0,249.917,76,45,67,48,31,0,31
"10233640","2013","8-2013",229.41,0,0,0,229.41,76,45,71,51,31,0,31
"10233640","2013","9-2013",247.664,0,0,0,247.664,89,50,74,56,30,8,29
"10233640","2014","1-2014",285.119,0,0,0,285.119,98,61,80,68,31,15,3
"10233640","2014","2-2014",288.819,0,0,0,288.819,90,60,80,68,28,12,4
"10233640","2014","3-2014",22.416,0,0,0,22.416,85,59,80,67,31,14,6
"10233682","2012","10-2012",105.042,0,0,0,105.042,94,47,71,56,31,7,29
"10233682","2012","11-2012",100.044,0,0,0,100.044,92,55,75,62,30,7,20
"10233682","2012","12-2012",98.265,0,0,0,98.265,91,57,79,65,31,11,13
"10233682","2012","5-2012",112.336,0,0,0,112.336,84,47,70,51,31,2,31
"10233682","2012","6-2012",142.673,0,0,0,142.673,70,44,65,50,30,0,30
"10233682","2012","7-2012",138.354,0,0,0,138.354,73,42,63,48,31,0,31
"10233682","2012","8-2012",135.752,0,0,0,135.752,85,42,67,49,31,1,31
"10233682","2012","9-2012",106.885,0,0,0,106.885,92,42,71,54,30,3,28
"10233682","2013","1-2013",19.819,0,0,0,19.819,114,62,80,69,31,14,2
"10233682","2013","10-2013",138.986,0,0,0,138.986,99,49,76,58,31,10,27
"10233682","2013","11-2013",146.067,0,0,0,146.067,94,53,74.5,61,30,5,24
"10233682","2013","12-2013",148.879,0,0,0,148.879,97,55,79,66,31,8,9
"10233682","2013","2-2013",15.341,0,0,0,15.341,85,57,80,67,28,14,6
"10233682","2013","3-2013",91.996,0,0,0,91.996,92,57,80,67,31,13,10
"10233682","2013","4-2013",156.451,0,0,0,156.451,84,52,75.5,60,30,4,29
"10233682","2013","5-2013",138.718,0,0,0,138.718,80,49,70,53,31,0,31
"10233682","2013","6-2013",144.954,0,0,0,144.954,72,46,66,51,30,0,30
"10233682","2013","7-2013",144.769,0,0,0,144.769,76,45,67,48,31,0,31
"10233682","2013","8-2013",151.276,0,0,0,151.276,76,45,71,51,31,0,31
"10233682","2013","9-2013",145.654,0,0,0,145.654,89,50,74,56,30,8,29
"10233682","2014","1-2014",160.663,0,0,0,160.663,98,61,80,68,31,15,3
"10233682","2014","2-2014",138.027,0,0,0,138.027,90,60,80,68,28,12,4
"10233682","2014","3-2014",11.669,0,0,0,11.669,85,59,80,67,31,14,6
"10233684","2012","10-2012",214.942,0,0,0,214.942,94,47,71,56,31,7,29
"10233684","2012","11-2012",221.845,0,0,0,221.845,92,55,75,62,30,7,20
"10233684","2012","12-2012",237.394,0,0,0,237.394,91,57,79,65,31,11,13
"10233684","2012","5-2012",173.972,0,0,0,173.972,84,47,70,51,31,2,31
"10233684","2012","6-2012",224.865,0,0,0,224.865,70,44,65,50,30,0,30
"10233684","2012","7-2012",331.742,0,0,0,331.742,73,42,63,48,31,0,31
"10233684","2012","8-2012",210.66,0,0,0,210.66,85,42,67,49,31,1,31
"10233684","2012","9-2012",192.717,0,0,0,192.717,92,42,71,54,30,3,28
"10233684","2013","1-2013",248.751,0,0,0,248.751,114,62,80,69,31,14,2
"10233684","2013","10-2013",236.216,0,0,0,236.216,99,49,76,58,31,10,27
"10233684","2013","11-2013",219.383,0,0,0,219.383,94,53,74.5,61,30,5,24
"10233684","2013","12-2013",238.927,0,0,0,238.927,97,55,79,66,31,8,9
"10233684","2013","2-2013",192.269,0,0,0,192.269,85,57,80,67,28,14,6
"10233684","2013","3-2013",224.635,0,0,0,224.635,92,57,80,67,31,13,10
"10233684","2013","4-2013",229.48,0,0,0,229.48,84,52,75.5,60,30,4,29
"10233684","2013","5-2013",270.482,0,0,0,270.482,80,49,70,53,31,0,31
"10233684","2013","6-2013",296.047,0,0,0,296.047,72,46,66,51,30,0,30
"10233684","2013","7-2013",337.072,0,0,0,337.072,76,45,67,48,31,0,31
"10233684","2013","8-2013",378.327,0,0,0,378.327,76,45,71,51,31,0,31
"10233684","2013","9-2013",242.109,0,0,0,242.109,89,50,74,56,30,8,29
"10233684","2014","1-2014",225.51,0,0,0,225.51,98,61,80,68,31,15,3
"10233684","2014","2-2014",195.361,0,0,0,195.361,90,60,80,68,28,12,4
"10233684","2014","3-2014",14.605,0,0,0,14.605,85,59,80,67,31,14,6
"10305996","2011","10-2011",418.14,0,0,0,418.14,NA,NA,NA,NA,NA,NA,NA
"10305996","2011","11-2011",510.192,0,0,0,510.192,NA,NA,NA,NA,NA,NA,NA
"10305996","2011","12-2011",598.46,0,0,0,598.46,NA,NA,NA,NA,NA,NA,NA
"10305996","2012","1-2012",510.797,0,0,0,510.797,92,57,79,68,31,8,6
"10305996","2012","10-2012",247.137,0,0,0,247.137,94,47,71,56,31,7,29
"10305996","2012","11-2012",331.489,0,0,0,331.489,92,55,75,62,30,7,20
"10305996","2012","12-2012",319.06,0,0,0,319.06,91,57,79,65,31,11,13
"10305996","2012","2-2012",508.335,0,0,0,508.335,92,62,78,67,29,7,4
"10305996","2012","3-2012",490.671,0,0,0,490.671,85,57,76,64,31,6,17
"10305996","2012","4-2012",416.736,0,0,0,416.736,83,50,76,62,30,1,25
"10305996","2012","5-2012",397.409,0,0,0,397.409,84,47,70,51,31,2,31
"10305996","2012","6-2012",535.578,0,0,0,535.578,70,44,65,50,30,0,30
"10305996","2012","7-2012",805.56,0,0,0,805.56,73,42,63,48,31,0,31
"10305996","2012","8-2012",707.529,0,0,0,707.529,85,42,67,49,31,1,31
"10305996","2012","9-2012",560.724,0,0,0,560.724,92,42,71,54,30,3,28
"10305996","2013","1-2013",312.446,0,0,0,312.446,114,62,80,69,31,14,2
"10305996","2013","10-2013",491.347,0,0,0,491.347,99,49,76,58,31,10,27
"10305996","2013","11-2013",473.589,0,0,0,473.589,94,53,74.5,61,30,5,24
"10305996","2013","12-2013",426.23,0,0,0,426.23,97,55,79,66,31,8,9
"10305996","2013","2-2013",295.986,0,0,0,295.986,85,57,80,67,28,14,6
"10305996","2013","3-2013",407.985,0,0,0,407.985,92,57,80,67,31,13,10
"10305996","2013","4-2013",467.894,0,0,0,467.894,84,52,75.5,60,30,4,29
"10305996","2013","5-2013",486.462,0,0,0,486.462,80,49,70,53,31,0,31
"10305996","2013","6-2013",386.4,0,0,0,386.4,72,46,66,51,30,0,30
"10305996","2013","7-2013",473.647,0,0,0,473.647,76,45,67,48,31,0,31
"10305996","2013","8-2013",548.158,0,0,0,548.158,76,45,71,51,31,0,31
"10305996","2013","9-2013",549.805,0,0,0,549.805,89,50,74,56,30,8,29
"10305996","2014","1-2014",431.747,0,0,0,431.747,98,61,80,68,31,15,3
"10305996","2014","2-2014",310.183,0,0,0,310.183,90,60,80,68,28,12,4
"10305996","2014","3-2014",28.512,0,0,0,28.512,85,59,80,67,31,14,6
"10372288","2013","10-2013",278.381,0,0,0,278.381,99,49,76,58,31,10,27
"10372288","2013","11-2013",261.644,0,0,0,261.644,94,53,74.5,61,30,5,24
"10372288","2013","12-2013",155.401,0,0,0,155.401,97,55,79,66,31,8,9
"10372288","2013","6-2013",95.05,0,0,0,95.05,72,46,66,51,30,0,30
"10372288","2013","7-2013",622.838,0,0,0,622.838,76,45,67,48,31,0,31
"10372288","2013","8-2013",471.557,0,0,0,471.557,76,45,71,51,31,0,31
"10372288","2013","9-2013",294.716,0,0,0,294.716,89,50,74,56,30,8,29
"10372288","2014","1-2014",296.19,0,0,0,296.19,98,61,80,68,31,15,3
"10372288","2014","2-2014",251.754,0,0,0,251.754,90,60,80,68,28,12,4
"10372288","2014","3-2014",25.741,0,0,0,25.741,85,59,80,67,31,14,6
"10390881","2013","10-2013",299.804,0,0,0,299.804,99,49,76,58,31,10,27
"10390881","2013","11-2013",282.528,0,0,0,282.528,94,53,74.5,61,30,5,24
"10390881","2013","12-2013",300.728,0,0,0,300.728,97,55,79,66,31,8,9
"10390881","2013","2-2013",77.346,0,0,0,77.346,85,57,80,67,28,14,6
"10390881","2013","3-2013",258.03,0,0,0,258.03,92,57,80,67,31,13,10
"10390881","2013","4-2013",254.413,0,0,0,254.413,84,52,75.5,60,30,4,29
"10390881","2013","5-2013",278.121,0,0,0,278.121,80,49,70,53,31,0,31
"10390881","2013","6-2013",311.019,0,0,0,311.019,72,46,66,51,30,0,30
"10390881","2013","7-2013",259.87,0,0,0,259.87,76,45,67,48,31,0,31
"10390881","2013","8-2013",296.192,0,0,0,296.192,76,45,71,51,31,0,31
"10390881","2013","9-2013",297.5,0,0,0,297.5,89,50,74,56,30,8,29
"10390881","2014","1-2014",340.698,0,0,0,340.698,98,61,80,68,31,15,3
"10390881","2014","2-2014",224.181,0,0,0,224.181,90,60,80,68,28,12,4
"10390881","2014","3-2014",17.358,0,0,0,17.358,85,59,80,67,31,14,6
"10406703","2013","10-2013",450.65,0,0,0,450.65,99,49,76,58,31,10,27
"10406703","2013","11-2013",421.588,0,0,0,421.588,94,53,74.5,61,30,5,24
"10406703","2013","12-2013",165.377,0,0,0,165.377,97,55,79,66,31,8,9
"10406703","2013","7-2013",752.619,0,0,0,752.619,76,45,67,48,31,0,31
"10406703","2013","8-2013",743.897,0,0,0,743.897,76,45,71,51,31,0,31
"10406703","2013","9-2013",482.123,0,0,0,482.123,89,50,74,56,30,8,29
"10406703","2014","1-2014",391.315,0,0,0,391.315,98,61,80,68,31,15,3
"10406703","2014","2-2014",446.612,0,0,0,446.612,90,60,80,68,28,12,4
"10406703","2014","3-2014",32.201,0,0,0,32.201,85,59,80,67,31,14,6
"10574651","2013","10-2013",881.706,0,0,0,881.706,99,49,76,58,31,10,27
"10574651","2013","11-2013",859.156,0,0,0,859.156,94,53,74.5,61,30,5,24
"10574651","2013","12-2013",1235.969,0,0,0,1235.969,97,55,79,66,31,8,9
"10574651","2013","7-2013",697.834,0,0,0,697.834,76,45,67,48,31,0,31
"10574651","2013","8-2013",998.03,0,0,0,998.03,76,45,71,51,31,0,31
"10574651","2013","9-2013",807.666,0,0,0,807.666,89,50,74,56,30,8,29
"10574651","2014","1-2014",1359.107,0,0,0,1359.107,98,61,80,68,31,15,3
"10574651","2014","2-2014",1192.256,0,0,0,1192.256,90,60,80,68,28,12,4
"10574651","2014","3-2014",69.687,0,0,0,69.687,85,59,80,67,31,14,6
"10574733","2013","10-2013",547.253,0,0,0,547.253,99,49,76,58,31,10,27
"10574733","2013","11-2013",550.305,0,0,0,550.305,94,53,74.5,61,30,5,24
"10574733","2013","12-2013",681.345,0,0,0,681.345,97,55,79,66,31,8,9
"10574733","2013","7-2013",528.122,0,0,0,528.122,76,45,67,48,31,0,31
"10574733","2013","8-2013",488.156,0,0,0,488.156,76,45,71,51,31,0,31
"10574733","2013","9-2013",505.177,0,0,0,505.177,89,50,74,56,30,8,29
"10574733","2014","1-2014",680.563,0,0,0,680.563,98,61,80,68,31,15,3
"10574733","2014","2-2014",605.141,0,0,0,605.141,90,60,80,68,28,12,4
"10574733","2014","3-2014",41.926,0,0,0,41.926,85,59,80,67,31,14,6
"10617122","2013","10-2013",307.956,0,0,0,307.956,99,49,76,58,31,10,27
"10617122","2013","11-2013",297.111,0,0,0,297.111,94,53,74.5,61,30,5,24
"10617122","2013","12-2013",354.237,0,0,0,354.237,97,55,79,66,31,8,9
"10617122","2013","7-2013",373.391,0,0,0,373.391,76,45,67,48,31,0,31
"10617122","2013","8-2013",431.985,0,0,0,431.985,76,45,71,51,31,0,31
"10617122","2013","9-2013",305.333,0,0,0,305.333,89,50,74,56,30,8,29
"10617122","2014","1-2014",358.914,0,0,0,358.914,98,61,80,68,31,15,3
"10617122","2014","2-2014",285.649,0,0,0,285.649,90,60,80,68,28,12,4
"10617122","2014","3-2014",23.548,0,0,0,23.548,85,59,80,67,31,14,6
"10665289","2013","10-2013",732.902,0,0,0,732.902,99,49,76,58,31,10,27
"10665289","2013","11-2013",728.316,0,0,0,728.316,94,53,74.5,61,30,5,24
"10665289","2013","12-2013",817.69,0,0,0,817.69,97,55,79,66,31,8,9
"10665289","2013","5-2013",0,0,0,0,0,80,49,70,53,31,0,31
"10665289","2013","6-2013",782.743,0,0,0,782.743,72,46,66,51,30,0,30
"10665289","2013","7-2013",914.181,0,0,0,914.181,76,45,67,48,31,0,31
"10665289","2013","8-2013",770.547,0,0,0,770.547,76,45,71,51,31,0,31
"10665289","2013","9-2013",649.449,0,0,0,649.449,89,50,74,56,30,8,29
"10665289","2014","1-2014",1426.319,0,0,0,1426.319,98,61,80,68,31,15,3
"10665289","2014","2-2014",1055.401,0,0,0,1055.401,90,60,80,68,28,12,4
"10665289","2014","3-2014",93.385,0,0,0,93.385,85,59,80,67,31,14,6
"10718092","2013","10-2013",272.462,0,0,0,272.462,99,49,76,58,31,10,27
"10718092","2013","11-2013",279.001,0,0,0,279.001,94,53,74.5,61,30,5,24
"10718092","2013","12-2013",256.182,0,0,0,256.182,97,55,79,66,31,8,9
"10718092","2013","4-2013",212.117,0,0,0,212.117,84,52,75.5,60,30,4,29
"10718092","2013","5-2013",292.92,0,0,0,292.92,80,49,70,53,31,0,31
"10718092","2013","6-2013",351.708,0,0,0,351.708,72,46,66,51,30,0,30
"10718092","2013","7-2013",205.204,0,0,0,205.204,76,45,67,48,31,0,31
"10718092","2013","8-2013",304.291,0,0,0,304.291,76,45,71,51,31,0,31
"10718092","2013","9-2013",297.417,0,0,0,297.417,89,50,74,56,30,8,29
"10718092","2014","1-2014",235.772,0,0,0,235.772,98,61,80,68,31,15,3
"10718092","2014","2-2014",212.007,0,0,0,212.007,90,60,80,68,28,12,4
"10718092","2014","3-2014",31.777,0,0,0,31.777,85,59,80,67,31,14,6
"11177639","2013","10-2013",1006.719,0,0,0,1006.719,99,49,76,58,31,10,27
"11177639","2013","11-2013",1032.983,0,0,0,1032.983,94,53,74.5,61,30,5,24
"11177639","2013","12-2013",1095.014,0,0,0,1095.014,97,55,79,66,31,8,9
"11177639","2013","5-2013",0,0,0,0,0,80,49,70,53,31,0,31
"11177639","2013","6-2013",301.146,0,0,0,301.146,72,46,66,51,30,0,30
"11177639","2013","7-2013",1464.125,0,0,0,1464.125,76,45,67,48,31,0,31
"11177639","2013","8-2013",1291.003,0,0,0,1291.003,76,45,71,51,31,0,31
"11177639","2013","9-2013",896.845,0,0,0,896.845,89,50,74,56,30,8,29
"11177639","2014","1-2014",1216.801,0,0,0,1216.801,98,61,80,68,31,15,3
"11177639","2014","2-2014",1138.589,0,0,0,1138.589,90,60,80,68,28,12,4
"11177639","2014","3-2014",74.645,0,0,0,74.645,85,59,80,67,31,14,6
"11461975","2013","10-2013",534.656,0,0,0,534.656,99,49,76,58,31,10,27
"11461975","2013","11-2013",445.694,0,0,0,445.694,94,53,74.5,61,30,5,24
"11461975","2013","12-2013",820.15,0,0,0,820.15,97,55,79,66,31,8,9
"11461975","2013","4-2013",147.24,0,0,0,147.24,84,52,75.5,60,30,4,29
"11461975","2013","5-2013",741.229,0,0,0,741.229,80,49,70,53,31,0,31
"11461975","2013","6-2013",643.799,0,0,0,643.799,72,46,66,51,30,0,30
"11461975","2013","7-2013",766.012,0,0,0,766.012,76,45,67,48,31,0,31
"11461975","2013","8-2013",676.157,0,0,0,676.157,76,45,71,51,31,0,31
"11461975","2013","9-2013",438.815,0,0,0,438.815,89,50,74,56,30,8,29
"11461975","2014","1-2014",695.529,0,0,0,695.529,98,61,80,68,31,15,3
"11461975","2014","2-2014",533.287,0,0,0,533.287,90,60,80,68,28,12,4
"11461975","2014","3-2014",26.958,0,0,0,26.958,85,59,80,67,31,14,6
